rate;n_layers;neurons;batch_size;dropout;activation;optimizer;lr
0.2;3;107;39;0.15931244180539986;ReLu;Adam_AMSGrad;0.04581840321767763
0.6;1;42;243;0.36517135272151696;elu;RMSprop;0.002138097012137211
