rate;n_layers;neurons;batch_size;dropout;activation;optimizer;lr
0.2;2;108;33;0.14617298701045037;elu;Adam;0.01483636433924826
0.6;2;90;224;0.06121374645455163;elu;SGDWR;0.009833363245901953
