fold;n_layers;neurons;dropout;activation;optimizer;lr;batch_size
fold_1;2;54;0.4683657273224675;elu;RMSprop;0.09399150488944663;512
fold_2;2;21;0.4375725503680057;elu;SGDWR;0.07057334668580892;64
fold_3;1;70;0.026521520426454663;Tanh;RMSprop;0.0012184858154506754;32
fold_4;1;9;0.48742264727897266;elu;SGDWR;0.0916991247436211;1024
fold_5;3;483;0.281433412091487;elu;SGDWR;0.008959354511955904;1024
