fold;activation;batch_size;dropout;lr;n_layers;neurons;optimizer
fold_1;elu;243;0.49916565124030027;0.049497804960977686;2;71;SGDWR
fold_2;elu;96;0.4109133049340372;0.01699180680131596;3;28;SGDWR
fold_3;Tanh;172;0.45248081618880837;0.05162307685927981;1;90;Adam_AMSGrad
fold_4;elu;242;0.49917726319188327;0.01821538052964708;3;48;SGDWR
fold_5;ReLu;240;0.4705110373296642;0.05447100749310017;1;48;Adam
