fold;n_layers;neurons;dropout;activation;optimizer;lr;batch_size
fold_1;3;30;0.45469534461336547;ReLu;Adam;0.02276780227796193;128.0
fold_2;2;125;0.4364020504307611;ReLu;Adam_AMSGrad;0.020009767924473947;128.0
fold_3;3;118;0.1772733374093263;ReLu;Adam;0.053946796526548504;256.0
fold_4;2;58;0.42820412930843826;elu;Adam;0.07957314454724321;256.0
fold_5;3;41;0.39925578909302534;ReLu;Adam;0.08116935723206817;128.0
