fold;n_layers;neurons;dropout;activation;optimizer;lr;batch_size
fold_1;2;39;0.4622913119346454;elu;SGDWR;0.033877980076631474;256
fold_2;2;39;0.4622913119346454;elu;SGDWR;0.033877980076631474;256
fold_3;2;39;0.4622913119346454;elu;SGDWR;0.033877980076631474;256
fold_4;2;39;0.4622913119346454;elu;SGDWR;0.033877980076631474;256
fold_5;2;39;0.4622913119346454;elu;SGDWR;0.033877980076631474;256
