fold;n_layers;neurons;dropout;activation;optimizer;lr;batch_size
fold_1;2;64;0.4825774358556207;elu;SGDWR;0.014349704283235114;64.0
fold_2;2;39;0.4573145322089547;elu;SGDWR;0.05955260363685959;256.0
fold_3;3;34;0.4554282083644974;elu;SGDWR;0.041079776785989536;128.0
fold_4;2;99;0.4935612268786818;elu;SGDWR;0.08970576417923287;256.0
fold_5;3;55;0.46111384571743436;relu;SGDWR;0.0789801745753907;64.0
