fold;n_layers;neurons;dropout;activation;optimizer;lr;batch_size
fold_1;2;326;0.4641775751292152;elu;SGDWR;0.018174277662075616;256
fold_2;2;112;0.39423529173556654;elu;SGDWR;0.004926971107017795;128
fold_3;2;327;0.49692837099940035;tanh;SGDWR;0.06442867712905584;256
fold_4;2;92;0.49714206316710635;elu;SGDWR;0.018042726933270532;128
fold_5;3;435;0.4306562336436672;elu;SGDWR;0.0026339970725281605;128
